source,title,company,location,posted_at,description,url
prosple,Software Development Engineer Intern - Stores,Amazon Australia and New Zealand,Brisbane,,,https://au.prosple.com/graduate-employers/amazon-australia-new-zealand/jobs-internships/software-development-engineer-intern-stores-0
prosple,Software Engineer,Jane Street,Hong Kong,,,https://au.prosple.com/graduate-employers/jane-street/jobs-internships/software-engineer-1
prosple,Software Development Engineer Intern - AWS,Amazon Australia and New Zealand,Sydney,,,https://au.prosple.com/graduate-employers/amazon-australia-new-zealand/jobs-internships/software-development-engineer-intern-aws-0
prosple,"Software Development Engineer - 2025 Graduate, AWS",Amazon Australia and New Zealand,Sydney,,,https://au.prosple.com/graduate-employers/amazon-australia-new-zealand/jobs-internships/software-development-engineer-2025-graduate-aws
prosple,Software Development Engineer Graduate - AWS,Amazon Australia and New Zealand,Sydney,,,https://au.prosple.com/graduate-employers/amazon-australia-new-zealand/jobs-internships/software-development-engineer-graduate-aws
prosple,"Software Development Engineer - 2026 Graduate, AWS",Amazon Australia and New Zealand,Sydney,,,https://au.prosple.com/graduate-employers/amazon-australia-new-zealand/jobs-internships/software-development-engineer-2026-graduate-aws
prosple,Aditional Opening - Software Development Engineer - Stores,Amazon Australia and New Zealand,Brisbane,,,https://au.prosple.com/graduate-employers/amazon-australia-new-zealand/jobs-internships/aditional-opening-software-development-engineer-stores
prosple,Software Development Engineer Graduate - Stores,Amazon Australia and New Zealand,Brisbane,,,https://au.prosple.com/graduate-employers/amazon-australia-new-zealand/jobs-internships/software-development-engineer-graduate-stores
prosple,Quant Trader Developer Software Engineering,Tibra Capital,"Austinmer, NSW",,,https://au.prosple.com/graduate-employers/tibra-capital/jobs-internships/quant-trader-developer-software-engineering-0
prosple,"Software Dev Engineer Graduate - Sydney, AWS",Amazon Australia and New Zealand,Sydney,,,https://au.prosple.com/graduate-employers/amazon-australia-new-zealand/jobs-internships/software-dev-engineer-graduate-sydney-aws
prosple,"Software Development Engineer - 2026 Graduate, Stores",Amazon Australia and New Zealand,Brisbane,,,https://au.prosple.com/graduate-employers/amazon-australia-new-zealand/jobs-internships/software-development-engineer-2026-graduate-stores
prosple,Software Development Engineer Graduate - Ads Core Services,Amazon Australia and New Zealand,Melbourne,,,https://au.prosple.com/graduate-employers/amazon-australia-new-zealand/jobs-internships/software-development-engineer-graduate-ads-core-services-0
prosple,"Graduate Program, Early 2026: Software Development",Capgemini Australia and New Zealand,"Melbourne, Sydney, Perth, Adelaide, Brisbane, Canberra & Hobart",,,https://au.prosple.com/graduate-employers/capgemini-australia-and-new-zealand/jobs-internships/graduate-program-early-2026-software-development
prosple,Graduate Software Developer (Java/Python) - Nasdaq Market Surveillance,"Nasdaq, Inc.",Sydney,,,https://au.prosple.com/graduate-employers/nasdaq-inc/jobs-internships/graduate-software-developer-javapython-nasdaq-market-surveillance
prosple,Backend Software Engineer Intern (Platform Engineering),TikTok Australia,Sydney,,,https://au.prosple.com/graduate-employers/tiktok-australia-new-zealand/jobs-internships/backend-software-engineer-intern-platform-engineering
prosple,Graduate Software Engineer,Lockheed Martin Australia,"Adelaide, Newcastle",,,https://au.prosple.com/graduate-employers/lockheed-martin-australia/jobs-internships/graduate-software-engineer-1
prosple,"Software Engineer Graduate (LiveStreaming Player, C++)",TikTok Australia,Sydney,,,https://au.prosple.com/graduate-employers/tiktok-australia-new-zealand/jobs-internships/software-engineer-graduate-livestreaming-player-c
prosple,"Software Engineer Intern (LiveStreaming Player, C++)",TikTok Australia,Sydney,,,https://au.prosple.com/graduate-employers/tiktok-australia-new-zealand/jobs-internships/software-engineer-intern-livestreaming-player-c
prosple,Graduate Software Engineering Virtual Experience,Leidos Australia,"Australia, Online/remote",,,https://au.prosple.com/graduate-employers/leidos-australia/jobs-internships/graduate-software-engineering-virtual-experience
prosple,Media SDK Software Engineer Intern (Client Architecture),TikTok Australia,Sydney,,,https://au.prosple.com/graduate-employers/tiktok-australia-new-zealand/jobs-internships/media-sdk-software-engineer-intern-client-architecture
prosple,Rheinmetall Defence Australia’s Software Engineer Virtual Experience,Rheinmetall,"Australia, Online/remote",,,https://au.prosple.com/graduate-employers/rheinmetall/jobs-internships/rheinmetall-defence-australias-software-engineer-virtual-experience
prosple,"Backend Software Engineer, Trust and Safety Engineering",TikTok Australia,Sydney,,,https://au.prosple.com/graduate-employers/tiktok-australia-new-zealand/jobs-internships/backend-software-engineer-trust-and-safety-engineering-1
prosple,Software Engineering Internship Program,Readygrad,"Sydney, Brisbane, Adelaide, Melbourne, Perth",,,https://au.prosple.com/graduate-employers/readygrad/jobs-internships/software-engineering-internship-program
prosple,"Graduate Backend Software Engineer, TikTok LIVE",TikTok Australia,Sydney,,,https://au.prosple.com/graduate-employers/tiktok-australia-new-zealand/jobs-internships/graduate-backend-software-engineer-tiktok-live
prosple,Quant Trader Developer Computer Science,Tibra Capital,"Austinmer, NSW",,,https://au.prosple.com/graduate-employers/tibra-capital/jobs-internships/quant-trader-developer-computer-science-2
prosple,Quant Trader Developer Engineering,Tibra Capital,"Austinmer, NSW",,,https://au.prosple.com/graduate-employers/tibra-capital/jobs-internships/quant-trader-developer-engineering-0
prosple,Quant Trader Developer Mathematics,Tibra Capital,"Austinmer, NSW",,,https://au.prosple.com/graduate-employers/tibra-capital/jobs-internships/quant-trader-developer-mathematics-0
prosple,Quant Trader Developer Data Science and Analytics,Tibra Capital,"Austinmer, NSW",,,https://au.prosple.com/graduate-employers/tibra-capital/jobs-internships/quant-trader-developer-data-science-and-analytics-0
prosple,MYOB’s Protégé Developer Virtual Experience,MYOB,"Australia, Online/remote",,,https://au.prosple.com/graduate-employers/myob/jobs-internships/myobs-protege-developer-virtual-experience
prosple,Software Engineering Graduate Program,FDM Group Australia,"Sydney, Melbourne, Brisbane, Canberra",,,https://au.prosple.com/graduate-employers/fdm-group-australia/jobs-internships/software-engineering-graduate-program-1
prosple,"Software Development Engineer in Test Intern, Trust and Safety Engineering",TikTok Australia,Sydney,,,https://au.prosple.com/graduate-employers/tiktok-australia/jobs-internships/software-development-engineer-in-test-intern-trust-and-safety-engineering
prosple,Frontend Software Engineering Project Intern (Data Trust and Safety),TikTok Australia,Sydney,,,https://au.prosple.com/graduate-employers/tiktok-australia-new-zealand/jobs-internships/frontend-software-engineering-project-intern-data-trust-and-safety
prosple,Software Developer Graduate Program,FDM Group New Zealand,"Sydney, Melbourne",,,https://au.prosple.com/graduate-employers/fdm-group-new-zealand/jobs-internships/software-developer-graduate-program
prosple,Graduate Software Developer,Prospa,Sydney,,,https://au.prosple.com/graduate-employers/prospa/jobs-internships/graduate-software-developer
prosple,IT Graduate Developer,Golding,Brisbane,,,https://au.prosple.com/graduate-employers/golding/jobs-internships/it-graduate-developer
prosple,Graduate Software Developer,nib Australia,"Newcastle, Sydney & Melbourne",,,https://au.prosple.com/graduate-employers/nib-australia/jobs-internships/graduate-software-developer
prosple,Python Developer,Secora,Perth,,,https://au.prosple.com/graduate-employers/secora/jobs-internships/python-developer
prosple,Mobile App Development Internship Program,Readygrad,"Sydney, Brisbane, Adelaide, Melbourne, Perth",,,https://au.prosple.com/graduate-employers/readygrad/jobs-internships/mobile-app-development-internship-program
prosple,Thoughtworks’ Consultant Developer Virtual Experience,Thoughtworks,"Australia, Online/remote",,,https://au.prosple.com/graduate-employers/thoughtworks/jobs-internships/thoughtworks-consultant-developer-virtual-experience
prosple,Industry Based Learning Program,Leidos Australia,Melbourne,,,https://au.prosple.com/graduate-employers/leidos-australia/jobs-internships/industry-based-learning-program
prosple,Web Development Internship Program,Readygrad,"Sydney, Brisbane, Adelaide, Melbourne, Perth",,,https://au.prosple.com/graduate-employers/readygrad/jobs-internships/web-development-internship-program
prosple,Marching to Career Success Virtual Experience,Prosple,"Australia, Online/remote",,,https://au.prosple.com/graduate-employers/prosple/jobs-internships/marching-to-career-success-virtual-experience
prosple,Generalist Graduate Program - Marketing/Communications,Department of Finance,Canberra,,,https://au.prosple.com/graduate-employers/department-of-finance/jobs-internships/generalist-graduate-program-marketingcommunications-0
prosple,Interview Tips Virtual Experience,Prosple,"Australia, Online/remote",,,https://au.prosple.com/graduate-employers/prosple/jobs-internships/interview-tips-virtual-experience
prosple,Generalist Graduate Program - Policy/Law,Department of Finance,Canberra,,,https://au.prosple.com/graduate-employers/department-of-finance/jobs-internships/generalist-graduate-program-policylaw-0
prosple,Mechatronics / 3D Printing / CNC Programming,Albatech,Sydney,,,https://au.prosple.com/graduate-employers/albatech/jobs-internships/mechatronics-3d-printing-cnc-programming
prosple,Quantitative Trader,Jane Street,Hong Kong,,,https://au.prosple.com/graduate-employers/jane-street/jobs-internships/quantitative-trader-3
prosple,Robotics Engineering Internship Program,Readygrad,"Sydney, Brisbane, Adelaide, Melbourne, Perth",,,https://au.prosple.com/graduate-employers/readygrad/jobs-internships/robotics-engineering-internship-program
prosple,"Software Engineering Intern, Summer",Google AU,Hybrid on site and work from home ,,,https://au.prosple.com/graduate-employers/google-au/jobs-internships/software-engineering-intern-summer-0
prosple,Backend Engineer Intern (Edge Computing Platform),TikTok Australia,Sydney,,,https://au.prosple.com/graduate-employers/tiktok-australia/jobs-internships/backend-engineer-intern-edge-computing-platform
prosple,Undergraduate - Labourer,The Winslow Group,Latrobe Valley & Central Gippsland,,,https://au.prosple.com/graduate-employers/the-winslow-group/jobs-internships/undergraduate-labourer
prosple,SAS Consultant Virtual Experience: Programmer,SAS ANZ,"Australia, Online/remote",,,https://au.prosple.com/graduate-employers/sas-anz/jobs-internships/sas-consultant-virtual-experience-programmer
prosple,Undergraduate/Graduate Program - Melbourne and Regional Victoria,The Winslow Group,Melbourne and Regional Victoria,,,https://au.prosple.com/graduate-employers/the-winslow-group/jobs-internships/undergraduategraduate-program-melbourne-and-regional-victoria
prosple,Undergraduate/Graduate Program - Brisbane and SE Queensland,The Winslow Group,Brisbane and South-East Queensland,,,https://au.prosple.com/graduate-employers/the-winslow-group/jobs-internships/undergraduategraduate-program-brisbane-and-se-queensland
prosple,Cyber Security Graduate,NSW Government,"Sydney and surrounds, including Parramatta, Central Coast, and Wollongong ",,,https://au.prosple.com/graduate-employers/nsw-government/jobs-internships/cyber-security-graduate-1
prosple,Undergraduate/Graduate Program - Adelaide,The Winslow Group,Adelaide,,,https://au.prosple.com/graduate-employers/the-winslow-group/jobs-internships/undergraduategraduate-program-adelaide
prosple,UX/UI Design Internship Program,Readygrad,"Sydney, Brisbane, Adelaide, Melbourne, Perth",,,https://au.prosple.com/graduate-employers/readygrad/jobs-internships/uxui-design-internship-program
prosple,Application Security Engineer Graduate (Security Assurance),TikTok Australia,Sydney,,,https://au.prosple.com/graduate-employers/tiktok-australia-new-zealand/jobs-internships/application-security-engineer-graduate-security-assurance
prosple,Logistics Trainee/Graduate,Amazon Australia and New Zealand,Melbourne,,,https://au.prosple.com/graduate-employers/amazon-australia-new-zealand/jobs-internships/logistics-traineegraduate-0
prosple,National Graduate Program - Service design stream,Services Australia,"ACT, NSW, WA, SA, VIC, QLD",,,https://au.prosple.com/graduate-employers/services-australia/jobs-internships/national-graduate-program-service-design-stream-1
prosple,Digital Stream Graduate Program,Australian Government Career Pathways,"ACT, NSW, Newcastle NSW, NT, SA, TAS, QLD, Townsville QLD, WA and VIC",,,https://au.prosple.com/graduate-employers/australian-government-career-pathways/jobs-internships/digital-stream-graduate-program-1
prosple,Project Grace: Technical Graduate Program,FDM Group Australia,"Sydney, Melbourne, Brisbane, Canberra",,,https://au.prosple.com/graduate-employers/fdm-group-australia/jobs-internships/project-grace-technical-graduate-program-1
prosple,IT and Computer Science Internships,The Intern Group,Australia,,,https://au.prosple.com/graduate-employers/the-intern-group/jobs-internships/it-and-computer-science-internships-0
prosple,Digital Graduate Program,Queensland Government Digital Graduate Program,Brisbane,,,https://au.prosple.com/graduate-employers/queensland-government-digital-graduate-program/jobs-internships/digital-graduate-program-3
prosple,Marketing and Communications Internship Program,CSIRO NSW Skills for Net Zero,Australia,,,https://au.prosple.com/graduate-employers/csiro-nsw-skills-for-net-zero/jobs-internships/marketing-and-communications-internship-program
prosple,Student Engineer,ResMed,Sydney,,,https://au.prosple.com/graduate-employers/resmed/jobs-internships/student-engineer-0
prosple,Project Grace (Technical Graduate Program),FDM Group New Zealand,"Sydney, Melbourne, Brisbane, Canberra ",,,https://au.prosple.com/graduate-employers/fdm-group-new-zealand/jobs-internships/project-grace-technical-graduate-program-0
prosple,IS&T Graduate,Bechtel Australia,Brisbane,,,https://au.prosple.com/graduate-employers/bechtel/jobs-internships/ist-graduate
prosple,Frontend Engineer Intern (TikTok Live),TikTok Australia,Sydney,,,https://au.prosple.com/graduate-employers/tiktok-australia/jobs-internships/frontend-engineer-intern-tiktok-live
prosple,"Frontend Engineer Graduate, TikTok LIVE",TikTok Australia,Sydney,,,https://au.prosple.com/graduate-employers/tiktok-australia-new-zealand/jobs-internships/frontend-engineer-graduate-tiktok-live
prosple,Graduate Software Engineering,ResMed,Sydney,,,https://au.prosple.com/graduate-employers/resmed/jobs-internships/graduate-software-engineering
prosple,Graduate Software (App) Engineering,ResMed,Sydney,,,https://au.prosple.com/graduate-employers/resmed/jobs-internships/graduate-software-app-engineering
prosple,Software Engineering Intern,ResMed,Sydney,,,https://au.prosple.com/graduate-employers/resmed/jobs-internships/software-engineering-intern
prosple,Backend Engineer Intern (Media Network Platform),TikTok Australia,Sydney,,,https://au.prosple.com/graduate-employers/tiktok-australia/jobs-internships/backend-engineer-intern-media-network-platform
prosple,"Backend Engineer Intern, TikTok LIVE Growth",TikTok Australia,Sydney,,,https://au.prosple.com/graduate-employers/tiktok-australia-new-zealand/jobs-internships/backend-engineer-intern-tiktok-live-growth-1
prosple,Backend Engineer Intern (Media Network Global Engineering),TikTok Australia,Sydney,,,https://au.prosple.com/graduate-employers/tiktok-australia/jobs-internships/backend-engineer-intern-media-network-global-engineering
prosple,Backend Engineer Intern (Live Service),TikTok Australia,Sydney,,,https://au.prosple.com/graduate-employers/tiktok-australia/jobs-internships/backend-engineer-intern-live-service
prosple,IT Graduate Rotation Program,Cenitex,Melbourne,,,https://au.prosple.com/graduate-employers/cenitex/jobs-internships/it-graduate-rotation-program-0
prosple,Graduate Opportunities,Leidos Australia,"Melbourne, Canberra",,,https://au.prosple.com/graduate-employers/leidos-australia/jobs-internships/graduate-opportunities
prosple,Cadetship,Leidos Australia,Canberra,,,https://au.prosple.com/graduate-employers/leidos-australia/jobs-internships/cadetship
prosple,"Software Engineer Intern (Multimedia Framework, C++)",TikTok Australia,Sydney,,,https://au.prosple.com/graduate-employers/tiktok-australia-new-zealand/jobs-internships/software-engineer-intern-multimedia-framework-c
prosple,Graduate Platform Engineer,Leidos Australia,Melbourne,,,https://au.prosple.com/graduate-employers/leidos-australia/jobs-internships/graduate-platform-engineer
prosple,Cadet Platform Engineer,Leidos Australia,"Canberra, Melbourne",,,https://au.prosple.com/graduate-employers/leidos-australia/jobs-internships/cadet-platform-engineer
prosple,Business Intelligence Consultant Graduate Program,FDM Group Australia,"Sydney, Melbourne, Brisbane, Canberra",,,https://au.prosple.com/graduate-employers/fdm-group-australia/jobs-internships/business-intelligence-consultant-graduate-program
prosple,Summer Internship,Capgemini Australia and New Zealand,"Sydney, Melbourne, Perth, Wellington",,,https://au.prosple.com/graduate-employers/capgemini-australia-and-new-zealand/jobs-internships/summer-internship-0
prosple,Graduate Program - Transformation,Scyne,Australia,,,https://au.prosple.com/graduate-employers/scyne/jobs-internships/graduate-program-transformation
prosple,"Graduate Program, Early 2026: Management Consulting & Strategy",Capgemini Australia and New Zealand,"Melbourne, Sydney, Perth, Adelaide, Brisbane, Canberra & Hobart",,,https://au.prosple.com/graduate-employers/capgemini-australia-and-new-zealand/jobs-internships/graduate-program-early-2026-management-consulting-strategy
prosple,International Internship Programs,The Intern Group,"Australia, Colombia, Hongkong, Ireland, Japan, Spain, Thailand, UK, US",,,https://au.prosple.com/graduate-employers/the-intern-group/jobs-internships/international-internship-programs-0
prosple,"Graduate Program, Early 2026: General Application",Capgemini Australia and New Zealand,"Melbourne, Sydney, Perth, Adelaide, Brisbane, Canberra & Hobart",,,https://au.prosple.com/graduate-employers/capgemini-australia-and-new-zealand/jobs-internships/graduate-program-early-2026-general-application
prosple,"Graduate Program, Early 2026: IT, Information Systems, Cloud & Applications",Capgemini Australia and New Zealand,"Melbourne, Sydney, Perth, Adelaide, Brisbane, Canberra & Hobart",,,https://au.prosple.com/graduate-employers/capgemini-australia-and-new-zealand/jobs-internships/graduate-program-early-2026-it-information-systems-cloud-applications
prosple,"Graduate Program, Early 2026: Data Science, Data Engineering, Data Management & Data Trust",Capgemini Australia and New Zealand,"Melbourne, Sydney, Perth, Adelaide, Brisbane, Canberra & Hobart",,,https://au.prosple.com/graduate-employers/capgemini-australia-and-new-zealand/jobs-internships/graduate-program-early-2026-data-science-data-engineering-data-management-data-trust
prosple,Internship - Information Systems and Technology,Apple Australia,Sydney,,,https://au.prosple.com/graduate-employers/apple-australia/jobs-internships/internship-information-systems-and-technology-0
prosple,Early Careers - Digital Technology,SLB,Perth,,,https://au.prosple.com/graduate-employers/slb/jobs-internships/early-careers-digital-technology-0
prosple,Graduate Business Analyst,Pronto Software,Forest Hill,,,https://au.prosple.com/graduate-employers/pronto-software/jobs-internships/graduate-business-analyst
prosple,Security Engineering/Intelligence Summer Internship,Atlassian,Online/Remote,,,https://au.prosple.com/graduate-employers/atlassian/jobs-internships/security-engineeringintelligence-summer-internship-1
prosple,Graduate Program,Sparke Helmore Lawyers,Sydney,,,https://au.prosple.com/graduate-employers/sparke-helmore-lawyers/jobs-internships/graduate-program-2
prosple,Graduate/Undergraduate Accountant,G.James Group,Eagle Farm,,,https://au.prosple.com/graduate-employers/gjames-group/jobs-internships/graduateundergraduate-accountant
prosple,HR Graduate,Greater Metropolitan Cemeteries Trust (GMCT),Fawkner,,,https://au.prosple.com/graduate-employers/greater-metropolitan-cemeteries-trust-gmct/jobs-internships/hr-graduate
prosple,Mobile Engineer Intern,TikTok Australia,Sydney,,,https://au.prosple.com/graduate-employers/tiktok-australia-new-zealand/jobs-internships/mobile-engineer-intern-0
prosple,Capgemini’s Consulting Virtual Experience,Capgemini Australia and New Zealand,"Australia, New Zealand, Online/remote",,,https://au.prosple.com/graduate-employers/capgemini-australia-and-new-zealand/jobs-internships/capgeminis-consulting-virtual-experience
prosple,Herbert Smith Freehills’ Digital Law Group Virtual Experience,Herbert Smith Freehills Kramer,"Australia, Online/remote",,,https://au.prosple.com/graduate-employers/herbert-smith-freehills-kramer/jobs-internships/herbert-smith-freehills-digital-law-group-virtual-experience
prosple,ASIO Virtual Experience for Technologists,Australian Security Intelligence Organisation (ASIO),Canberra,,,https://au.prosple.com/graduate-employers/australian-security-intelligence-organisation-asio/jobs-internships/asio-virtual-experience-for-technologists
prosple,Capgemini’s Data Reconciliation Virtual Experience,Capgemini Australia and New Zealand,"Australia, New Zealand, Online/remote",,,https://au.prosple.com/graduate-employers/capgemini-australia-and-new-zealand/jobs-internships/capgeminis-data-reconciliation-virtual-experience
prosple,Intelligence Development Program,Australian Security Intelligence Organisation (ASIO),Canberra,,,https://au.prosple.com/graduate-employers/australian-security-intelligence-organisation-asio/jobs-internships/intelligence-development-program-0
prosple,Treasury Internship Program,Department of the Treasury,"Canberra, Melbourne & Sydney",,,https://au.prosple.com/graduate-employers/department-of-the-treasury/jobs-internships/treasury-internship-program-0
prosple,Data Scientist Intern - TikTok LIVE - Data Science,TikTok Australia,Sydney,,,https://au.prosple.com/graduate-employers/tiktok-australia-new-zealand/jobs-internships/data-scientist-intern-tiktok-live-data-science
prosple,Data Graduate,Essential Energy,Port Macquarie,,,https://au.prosple.com/graduate-employers/essential-energy/jobs-internships/data-graduate-0
prosple,Data Center Engineering Operations Trainee,Amazon Australia and New Zealand,Melbourne,,,https://au.prosple.com/graduate-employers/amazon-australia-new-zealand/jobs-internships/data-center-engineering-operations-trainee-0
prosple,Data Analytics Graduate Program,RSM Australia,Melbourne,,,https://au.prosple.com/graduate-employers/rsm-australia/jobs-internships/data-analytics-graduate-program-2
prosple,Intern - Data Scientist - Sydney,Alinta Energy,Sydney,,,https://au.prosple.com/graduate-employers/alinta-energy/jobs-internships/intern-data-scientist-sydney
prosple,Data or STEM Graduate Program,Australian Taxation Office (ATO),"Adelaide, Box Hill, Brisbane, Canberra, Melbourne, Moonee Ponds, Newcastle, Parramatta, Sydney",,,https://au.prosple.com/graduate-employers/australian-taxation-office-ato/jobs-internships/data-or-stem-graduate-program-1
prosple,Project Management Intern - AI Data (Eco Operations),TikTok Australia,Sydney,,,https://au.prosple.com/graduate-employers/tiktok-australia-new-zealand/jobs-internships/project-management-intern-ai-data-eco-operations
prosple,Enterprise Data & Analytics Graduate Program,NAB Australia,Melbourne ,,,https://au.prosple.com/graduate-employers/nab-australia/jobs-internships/enterprise-data-analytics-graduate-program
prosple,Data Graduate,NDIS Quality and Safeguards Commission (NDIS Commission),"Canberra, Sydney, Brisbane, Melbourne, Perth",,,https://au.prosple.com/graduate-employers/ndis-quality-and-safeguards-commission-ndis-commission/jobs-internships/data-graduate-0
prosple,PM&C Graduate Program - Data & STEM,Department of the Prime Minister and Cabinet (PM&C),Canberra,,,https://au.prosple.com/graduate-employers/department-of-the-prime-minister-and-cabinet-pmc/jobs-internships/pmc-graduate-program-data-stem
prosple,"Machine Learning Engineer Intern, Data Trust & Safety",TikTok Australia,Sydney,,,https://au.prosple.com/graduate-employers/tiktok-australia-new-zealand/jobs-internships/machine-learning-engineer-intern-data-trust-safety
prosple,Data Analytics Graduate,NSW Government,"Sydney and surrounds, including Parramatta, Central Coast, and Wollongong ",,,https://au.prosple.com/graduate-employers/nsw-government/jobs-internships/data-analytics-graduate-1
prosple,Data Cadet Program,Australian Government Career Pathways,"Most positions will be located in Canberra, however there are regional and remote opportunities. ",,,https://au.prosple.com/graduate-employers/australian-government-career-pathways/jobs-internships/data-cadet-program-2
prosple,"Data Analysts, Geospatial Analysts, Data Managers",Australian Bureau of Statistics (ABS),"Canberra, Adelaide, Brisbane, Geelong, Hobart, Melbourne, Newcastle, Perth & Sydney",,,https://au.prosple.com/graduate-employers/australian-bureau-of-statistics-abs/jobs-internships/data-analysts-geospatial-analysts-data-managers-1
prosple,Data Scientists,Australian Bureau of Statistics (ABS),"Canberra, Adelaide, Brisbane, Geelong, Hobart, Melbourne, Newcastle, Perth & Sydney",,,https://au.prosple.com/graduate-employers/australian-bureau-of-statistics-abs/jobs-internships/data-scientists-1
prosple,Graduate Program - Data Analytics,Allianz Australia,Sydney,,,https://au.prosple.com/graduate-employers/allianz-australia/jobs-internships/graduate-program-data-analytics
prosple,Data Graduate,Digital Transformation Agency,"Canberra, Adelaide, Brisbane, Melbourne, Perth, and Sydney",,,https://au.prosple.com/graduate-employers/digital-transformation-agency/jobs-internships/data-graduate-0
prosple,Data Analytics Graduate Program,McGrathNicol,"Brisbane, Melbourne, Sydney",,,https://au.prosple.com/graduate-employers/mcgrathnicol/jobs-internships/data-analytics-graduate-program-1
prosple,Data Science Internship Program,Readygrad,"Sydney, Brisbane, Adelaide, Melbourne, Perth",,,https://au.prosple.com/graduate-employers/readygrad/jobs-internships/data-science-internship-program
prosple,"Graduate Program - Engineering, Science, Technology, Health Science & Business",BHP,"Queensland, South Australia and Western Australia",,,https://au.prosple.com/graduate-employers/bhp/jobs-internships/graduate-program-engineering-science-technology-health-science-business
prosple,"Internship Program - Engineering, Science, Technology, Health Science & Business",BHP,"Queensland, South Australia and Western Australia",,,https://au.prosple.com/graduate-employers/bhp/jobs-internships/internship-program-engineering-science-technology-health-science-business
prosple,"Indigenous Internship Program - Engineering, Science, Technology, Health Science & Business",BHP,"Queensland, South Australia and Western Australia",,,https://au.prosple.com/graduate-employers/bhp/jobs-internships/indigenous-internship-program-engineering-science-technology-health-science-business
prosple,"Indigenous Graduate Program - Engineering, Science, Technology, Health Science & Business",BHP,"Queensland, South Australia and Western Australia",,,https://au.prosple.com/graduate-employers/bhp/jobs-internships/indigenous-graduate-program-engineering-science-technology-health-science-business
prosple,Computer Science Graduate,NSW Government,"Sydney and surrounds, including Parramatta, Central Coast, and Wollongong ",,,https://au.prosple.com/graduate-employers/nsw-government/jobs-internships/computer-science-graduate-1
prosple,Science Graduate Program,"Department of Health, Disability and Ageing ",Canberra,,,https://au.prosple.com/graduate-employers/department-of-health-disability-and-ageing/jobs-internships/science-graduate-program
prosple,Data Stream Graduate Program,Australian Government Career Pathways,"Adelaide, Bendigo, Brisbane, Canberra, Darwin, Geelong, Hobart, Melbourne, Newcastle, Orange, Perth, Sydney and Townsville",,,https://au.prosple.com/graduate-employers/australian-government-career-pathways/jobs-internships/data-stream-graduate-program-1
prosple,Data Science Summer Internship,Atlassian,Online/Remote,,,https://au.prosple.com/graduate-employers/atlassian/jobs-internships/data-science-summer-internship-1
prosple,Graduate Environmental Scientist,Alcoa Australia,"Perth & Huntly, WA",,,https://au.prosple.com/graduate-employers/alcoa-australia/jobs-internships/graduate-environmental-scientist
prosple,SAS Consultant Virtual Experience: Data Scientist,SAS ANZ,"Australia, Online/remote",,,https://au.prosple.com/graduate-employers/sas-anz/jobs-internships/sas-consultant-virtual-experience-data-scientist
prosple,"Research Scientist Intern, PhD",Google AU,Sydney (Hybrid),,,https://au.prosple.com/graduate-employers/google-au/jobs-internships/research-scientist-intern-phd-0
prosple,Management Trainee Program – Data & Analytics Stream,L'Oréal Australia and New Zealand,Melbourne,,,https://au.prosple.com/graduate-employers/loreal-australia-and-new-zealand/jobs-internships/management-trainee-program-data-analytics-stream-0
prosple,Data Analyst,The Data School,Australia,,,https://au.prosple.com/graduate-employers/the-data-school/jobs-internships/data-analyst
prosple,SAS Workforce Connection Program,SAS ANZ,"Sydney, Melbourne, Brisbane, Perth or Canberra",,,https://au.prosple.com/graduate-employers/sas-anz/jobs-internships/sas-workforce-connection-program
prosple,Management Trainee Program – Supply Chain & Operations Stream,L'Oréal Australia and New Zealand,Melbourne ,,,https://au.prosple.com/graduate-employers/loreal-australia-and-new-zealand/jobs-internships/management-trainee-program-supply-chain-operations-stream-1
prosple,Management Trainee Program – Commercial Stream,L'Oréal Australia and New Zealand,Melbourne,,,https://au.prosple.com/graduate-employers/loreal-australia-and-new-zealand/jobs-internships/management-trainee-program-commercial-stream-0
prosple,Management Trainee Program – Finance Stream,L'Oréal Australia and New Zealand,Melbourne,,,https://au.prosple.com/graduate-employers/loreal-australia-and-new-zealand/jobs-internships/management-trainee-program-finance-stream-0
prosple,Management Trainee Program – Marketing Stream,L'Oréal Australia and New Zealand,Melbourne,,,https://au.prosple.com/graduate-employers/loreal-australia-and-new-zealand/jobs-internships/management-trainee-program-marketing-stream-0
prosple,Property Consulting Intern,JLL Australia,Melbourne,,,https://au.prosple.com/graduate-employers/jll-australia/jobs-internships/property-consulting-intern-0
prosple,Early Careers - Engineering and Manufacturing,SLB,Perth,,,https://au.prosple.com/graduate-employers/slb/jobs-internships/early-careers-engineering-and-manufacturing-0
prosple,Economics Stream Graduate Program,Department of Employment and Workplace Relations (DEWR),"Canberra, Sydney, Brisbane, Adelaide, Melbourne, Darwin, Hobart, Perth",,,https://au.prosple.com/graduate-employers/department-of-employment-and-workplace-relations-dewr/jobs-internships/economics-stream-graduate-program-1
prosple,Data Analyst Internship Program,Readygrad,"Sydney, Brisbane, Adelaide, Melbourne, Perth",,,https://au.prosple.com/graduate-employers/readygrad/jobs-internships/data-analyst-internship-program-0
prosple,Project Grace: Data Analyst Graduate Program,FDM Group Australia,"Sydney, Melbourne",,,https://au.prosple.com/graduate-employers/fdm-group-australia/jobs-internships/project-grace-data-analyst-graduate-program
prosple,Data Stream Graduate Program,Department of Employment and Workplace Relations (DEWR),"Canberra, Sydney, Brisbane, Adelaide, Melbourne, Darwin, Hobart, Perth",,,https://au.prosple.com/graduate-employers/department-of-employment-and-workplace-relations-dewr/jobs-internships/data-stream-graduate-program-2
prosple,Data Analytics GRADStart Program,Queensland Treasury,Brisbane,,,https://au.prosple.com/graduate-employers/queensland-treasury/jobs-internships/data-analytics-gradstart-program-1
prosple,National Graduate Program - Data stream,Services Australia,"ACT, NSW, WA, SA, VIC",,,https://au.prosple.com/graduate-employers/services-australia/jobs-internships/national-graduate-program-data-stream-1
prosple,Navy Civilian Engineer Graduate Program,Department of Defence - Civilian Engineer Development Program (Navy),"Canberra, Sydney",,,https://au.prosple.com/graduate-employers/department-of-defence-civilian-engineer-development-program-navy/jobs-internships/navy-civilian-engineer-graduate-program-0
prosple,Data & Analytics Graduate Program,FDM Group New Zealand,Sydney & Melbourne,,,https://au.prosple.com/graduate-employers/fdm-group-new-zealand/jobs-internships/data-analytics-graduate-program
prosple,Graduate Electrical Engineer - Resources & Materials Engineering,GHD,Perth,,,https://au.prosple.com/graduate-employers/ghd/jobs-internships/graduate-electrical-engineer-resources-materials-engineering
prosple,Graduate Electrical Engineer - WA Energy,GHD,"Perth, Western Australia",,,https://au.prosple.com/graduate-employers/ghd/jobs-internships/graduate-electrical-engineer-wa-energy
prosple,Trading Desk Operations Engineer,Jane Street,Hong Kong,,,https://au.prosple.com/graduate-employers/jane-street/jobs-internships/trading-desk-operations-engineer-3
prosple,"Machine Learning Engineer Graduate, Trust and Safety Engineering",TikTok Australia,Sydney,,,https://au.prosple.com/graduate-employers/tiktok-australia-new-zealand/jobs-internships/machine-learning-engineer-graduate-trust-and-safety-engineering
prosple,Graduate Chemical Engineer - WA,Alcoa Australia,"Pinjarra, WA",,,https://au.prosple.com/graduate-employers/alcoa-australia/jobs-internships/graduate-chemical-engineer-wa
prosple,Graduate Electrical Engineer - WA,Alcoa Australia,"Pinjarra and Wagerup, WA",,,https://au.prosple.com/graduate-employers/alcoa-australia/jobs-internships/graduate-electrical-engineer-wa
prosple,Business Analyst,Kearney,"Sydney, Melbourne",,,https://au.prosple.com/graduate-employers/kearney/jobs-internships/business-analyst-5
prosple,Project Grace: Business Analyst Graduate Program,FDM Group Australia,"Sydney, Melbourne, Brisbane, Canberra",,,https://au.prosple.com/graduate-employers/fdm-group-australia/jobs-internships/project-grace-business-analyst-graduate-program
prosple,RBA’s Technical Business Analyst Virtual Experience,Reserve Bank of Australia,"Australia, Online/remote",,,https://au.prosple.com/graduate-employers/reserve-bank-of-australia/jobs-internships/rbas-technical-business-analyst-virtual-experience
prosple,Graduate Analyst Rotational Program,BlackRock Australia,Sydney,,,https://au.prosple.com/graduate-employers/blackrock-australia/jobs-internships/graduate-analyst-rotational-program-1
prosple,Business Intelligence Internship Program,Readygrad,"Sydney, Brisbane, Adelaide, Melbourne, Perth",,,https://au.prosple.com/graduate-employers/readygrad/jobs-internships/business-intelligence-internship-program
prosple,Business Banking Graduate Program,NAB Australia,"Melbourne, Sydney, Brisbane, Adelaide & Perth ",,,https://au.prosple.com/graduate-employers/nab-australia/jobs-internships/business-banking-graduate-program
prosple,Business Internship Program,Readygrad,"Sydney, Brisbane, Adelaide, Melbourne, Perth",,,https://au.prosple.com/graduate-employers/readygrad/jobs-internships/business-internship-program
prosple,Business Internships,The Intern Group,International,,,https://au.prosple.com/graduate-employers/the-intern-group/jobs-internships/business-internships-0
prosple,SAS Consultant Virtual Experience: Business Analyst,SAS ANZ,"Australia, Online/remote",,,https://au.prosple.com/graduate-employers/sas-anz/jobs-internships/sas-consultant-virtual-experience-business-analyst
prosple,Technical Analyst Graduate Program,FDM Group Australia,"Sydney, Melbourne, Brisbane, Canberra",,,https://au.prosple.com/graduate-employers/fdm-group-australia/jobs-internships/technical-analyst-graduate-program
prosple,Summer Student - Analyst,Origin Energy Australia,Sydney,,,https://au.prosple.com/graduate-employers/origin-energy-australia/jobs-internships/summer-student-analyst
prosple,"Ignite Graduate Program - Accounting, Commerce, Business, Finance",Pitcher Partners,Melbourne,,,https://au.prosple.com/graduate-employers/pitcher-partners/jobs-internships/ignite-graduate-program-accounting-commerce-business-finance-0
prosple,Nous Business Strategy Virtual Experience,Nous Group,"Australia, Online/remote",,,https://au.prosple.com/graduate-employers/nous-group/jobs-internships/nous-business-strategy-virtual-experience
prosple,Business Graduates GRADStart Graduate Program,Queensland Treasury,Brisbane,,,https://au.prosple.com/graduate-employers/queensland-treasury/jobs-internships/business-graduates-gradstart-graduate-program-1
prosple,Project Grace: Business Analyst Graduate Program (Australia),FDM Group New Zealand,"Sydney, Melbourne, Brisbane, Canberra",,,https://au.prosple.com/graduate-employers/fdm-group-new-zealand/jobs-internships/project-grace-business-analyst-graduate-program-australia
prosple,Business Advisory Services Graduate Program - Perth,PKF,Perth,,,https://au.prosple.com/graduate-employers/pkf/jobs-internships/business-advisory-services-graduate-program-perth-0
prosple,Graduate Information Technology Analyst - WA,Alcoa Australia,"Booragoon / Perth, WA",,,https://au.prosple.com/graduate-employers/alcoa-australia/jobs-internships/graduate-information-technology-analyst-wa
prosple,Business Consulting Graduate Program,EY Australia,"Brisbane, Canberra, Melbourne, Sydney",,,https://au.prosple.com/graduate-employers/ey-australia/jobs-internships/business-consulting-graduate-program
prosple,Business Intelligence Graduate Program Australia,FDM Group New Zealand,"Sydney, Melbourne, Brisbane, Canberra",,,https://au.prosple.com/graduate-employers/fdm-group-new-zealand/jobs-internships/business-intelligence-graduate-program-australia
prosple,Business Consulting Vacationer/Intern Program,EY Australia,"Perth, Canberra, Melbourne, Sydney",,,https://au.prosple.com/graduate-employers/ey-australia/jobs-internships/business-consulting-vacationerintern-program
prosple,Corporate Finance Graduate Program,RSM Australia,"Sydney, Perth, Ballarat",,,https://au.prosple.com/graduate-employers/rsm-australia/jobs-internships/corporate-finance-graduate-program-3
prosple,Financial Services Graduate Program,RSM Australia,"Sydney, Perth, Ballarat",,,https://au.prosple.com/graduate-employers/rsm-australia/jobs-internships/financial-services-graduate-program-5
prosple,Information Technology Graduate,Essential Energy,Port Macquarie,,,https://au.prosple.com/graduate-employers/essential-energy/jobs-internships/information-technology-graduate-0
prosple,Operations Leadership - Graduate Program (Australia),Reece,"NSW, VIC, QLD, SA, WA,TAS, NT",,,https://au.prosple.com/graduate-employers/reece/jobs-internships/operations-leadership-graduate-program-australia-0
prosple,Mathematicians / Statisticians,Australian Bureau of Statistics (ABS),"Canberra, Adelaide, Brisbane, Geelong, Hobart, Melbourne, Newcastle, Perth & Sydney",,,https://au.prosple.com/graduate-employers/australian-bureau-of-statistics-abs/jobs-internships/mathematicians-statisticians-1
prosple,Data Analytics and Technology Graduate Program,Australian Prudential Regulation Authority (APRA),"Sydney, Melbourne, Brisbane",,,https://au.prosple.com/graduate-employers/australian-prudential-regulation-authority-apra/jobs-internships/data-analytics-and-technology-graduate-program-0
prosple,"2027 Analytics & Sales Graduate Programme, Sydney",Bloomberg L.P.,Sydney,,,https://au.prosple.com/graduate-employers/bloomberg-lp/jobs-internships/2027-analytics-sales-graduate-programme-sydney
prosple,Nous’ Data Analytics Virtual Experience,Nous Group,"Australia, Online/remote",,,https://au.prosple.com/graduate-employers/nous-group/jobs-internships/nous-data-analytics-virtual-experience
prosple,Data Analytics Graduate,BMW Group Australia,Mulgrave,,,https://au.prosple.com/graduate-employers/bmw-group-australia/jobs-internships/data-analytics-graduate
prosple,Marketing Internship Program,Readygrad,"Sydney, Brisbane, Adelaide, Melbourne, Perth",,,https://au.prosple.com/graduate-employers/readygrad/jobs-internships/marketing-internship-program
prosple,Management Consulting Graduate Program,RSM Australia,Canberra,,,https://au.prosple.com/graduate-employers/rsm-australia/jobs-internships/management-consulting-graduate-program-2
prosple,Economics Graduate Program,Australian Taxation Office (ATO),"Adelaide, Albury, Box Hill, Brisbane, Canberra, Dandenong, Geelong, Gosford, Hobart, Melbourne, Moonee Ponds, Newcastle, Parramatta, Penrith, Perth, Sydney, Townsville, Upper Mount Gravatt",,,https://au.prosple.com/graduate-employers/australian-taxation-office-ato/jobs-internships/economics-graduate-program-1
prosple,Data Analytics Virtual Experience,KordaMentha,"Australia, Online/remote",,,https://au.prosple.com/graduate-employers/kordamentha/jobs-internships/data-analytics-virtual-experience
prosple,"PhD Graduate Machine Learning Engineer Graduate, Trust and Safety Engineering",TikTok Australia,Sydney,,,https://au.prosple.com/graduate-employers/tiktok-australia/jobs-internships/phd-graduate-machine-learning-engineer-graduate-trust-and-safety-engineering
prosple,Quantitative Researcher,Jane Street,Hong Kong,,,https://au.prosple.com/graduate-employers/jane-street/jobs-internships/quantitative-researcher-1
prosple,Technology and Digital Graduate Program (Rolling Intake),KPMG Australia,"Adelaide, Brisbane, Canberra, Darwin, Geelong, Gold Coast, Hobart, Melbourne, Newcastle, Parramatta, Perth, Sydney, Townsville, Wollongong",,,https://au.prosple.com/graduate-employers/kpmg-australia/jobs-internships/technology-and-digital-graduate-program-rolling-intake
prosple,Internal Audit Graduate Program,NAB Australia,"Melbourne, Sydney",,,https://au.prosple.com/graduate-employers/nab-australia/jobs-internships/internal-audit-graduate-program
prosple,Digital (ICT) Stream Graduate Program,Department of Employment and Workplace Relations (DEWR),"Canberra, Sydney, Brisbane, Adelaide, Melbourne, Darwin, Hobart, Perth",,,https://au.prosple.com/graduate-employers/department-of-employment-and-workplace-relations-dewr/jobs-internships/digital-ict-stream-graduate-program-0
prosple,Graduate AI ML Engineer,News Corp Australia,Surry Hills,,,https://au.prosple.com/graduate-employers/news-corp-australia/jobs-internships/graduate-ai-ml-engineer
prosple,Graduate Program – Technology,Coles,"800 Toorak Rd, Hawthorn East VIC 3123",,,https://au.prosple.com/graduate-employers/coles/jobs-internships/graduate-program-technology-0
prosple,Technology Internship Program,BHP,"Queensland, Victoria, South Australia and Western Australia",,,https://au.prosple.com/graduate-employers/bhp/jobs-internships/technology-internship-program-2
prosple,Technology Graduate Program,BHP,"Queensland, South Australia and Western Australia",,,https://au.prosple.com/graduate-employers/bhp/jobs-internships/technology-graduate-program-2
prosple,Technology Consulting Graduate Program,EY Australia,"Perth, Canberra, Melbourne",,,https://au.prosple.com/graduate-employers/ey-australia/jobs-internships/technology-consulting-graduate-program
prosple,Information Technology Graduate Program,Australian Taxation Office (ATO),"Adelaide, Albury, Brisbane, Canberra, Melbourne, Newcastle, Penrith, Wollongong ",,,https://au.prosple.com/graduate-employers/australian-taxation-office-ato/jobs-internships/information-technology-graduate-program-2
prosple,Technology Consulting Vacationer/Intern Program,EY Australia,"Perth, Canberra, Melbourne, Sydney",,,https://au.prosple.com/graduate-employers/ey-australia/jobs-internships/technology-consulting-vacationerintern-program
prosple,Graduate Engineer | Smart Buildings and Technology Systems,WSP Australia,Australia wide,,,https://au.prosple.com/graduate-employers/wsp-australia/jobs-internships/graduate-engineer-smart-buildings-and-technology-systems-0
prosple,Technology and Digital Vacationer/Intern Program (rolling intake),KPMG Australia,"Adelaide, Brisbane, Canberra, Darwin, Geelong, Gold Coast, Hobart, Melbourne, Newcastle, Parramatta, Perth, Sydney, Townsville, Wollongong",,,https://au.prosple.com/graduate-employers/kpmg-australia/jobs-internships/technology-and-digital-vacationerintern-program-rolling-intake
prosple,Technology Graduate Program,Linfox ANZ,Melbourne,,,https://au.prosple.com/graduate-employers/linfox-anz/jobs-internships/technology-graduate-program-1
prosple,Graduate Information Technology Analyst - VIC,Alcoa Australia,"Booragoon / Perth, WA",,,https://au.prosple.com/graduate-employers/alcoa-australia/jobs-internships/graduate-information-technology-analyst-vic
prosple,Technology Graduate,Ericsson,"Sydney, Melbourne, Auckland ",,,https://au.prosple.com/graduate-employers/ericsson/jobs-internships/technology-graduate
prosple,Summer Internship Program - Information Technology and Cyber Security,Transgrid,Sydney,,,https://au.prosple.com/graduate-employers/transgrid/jobs-internships/summer-internship-program-information-technology-and-cyber-security
prosple,Graduate Information and Cybersecurity Auditor,Southpac International Group,Gold Coast,,,https://au.prosple.com/graduate-employers/southpac-international-group/jobs-internships/graduate-information-and-cybersecurity-auditor
prosple,Early Careers - Information Technology,SLB,Perth,,,https://au.prosple.com/graduate-employers/slb/jobs-internships/early-careers-information-technology-0
prosple,I.T. Graduate - Business Technology / Systems Development,Removify,Australia,,,https://au.prosple.com/graduate-employers/removify/jobs-internships/it-graduate-business-technology-systems-development
prosple,Agricultural Sensor Technology Internship,CSIRO NSW Skills for Net Zero,"Dubbo, NSW",,,https://au.prosple.com/graduate-employers/csiro-nsw-skills-for-net-zero/jobs-internships/agricultural-sensor-technology-internship
prosple,IT Winter Internship,Ashurst,Brisbane,,,https://au.prosple.com/graduate-employers/ashurst/jobs-internships/it-winter-internship
prosple,Digital (IT) Graduate,NSW Government,"Sydney and surrounds, including Parramatta, Central Coast, and Wollongong ",,,https://au.prosple.com/graduate-employers/nsw-government/jobs-internships/digital-it-graduate-0
prosple,Graduate Program - IT and Cyber,Transgrid,Sydney,,,https://au.prosple.com/graduate-employers/transgrid/jobs-internships/graduate-program-it-and-cyber
prosple,IT Project Management Internship Program,Readygrad,"Sydney, Brisbane, Adelaide, Melbourne, Perth",,,https://au.prosple.com/graduate-employers/readygrad/jobs-internships/it-project-management-internship-program
prosple,IT Graduate Program,Nutrien Ag Solutions,"Docklands, VIC",,,https://au.prosple.com/graduate-employers/nutrien-ag-solutions/jobs-internships/it-graduate-program-0
prosple,IT Service Desk Internship Program,Readygrad,"Sydney, Brisbane, Adelaide, Melbourne, Perth",,,https://au.prosple.com/graduate-employers/readygrad/jobs-internships/it-service-desk-internship-program
prosple,IT Support Intern,Nexus Silicon Technologies,Sydney,,,https://au.prosple.com/graduate-employers/nexus-silicon-technologies/jobs-internships/it-support-intern
prosple,People & Culture Graduate,Repurpose It,Essendon Fields,,,https://au.prosple.com/graduate-employers/repurpose-it/jobs-internships/people-culture-graduate
prosple,Graduate Desktop Support Engineer,Blue Connections IT,Scoresby,,,https://au.prosple.com/graduate-employers/blue-connections-it/jobs-internships/graduate-desktop-support-engineer-0
prosple,IT Security Intern,Mossé Security Australia,Melbourne,,,https://au.prosple.com/graduate-employers/mosse-security-australia/jobs-internships/it-security-intern
prosple,Internship - Global Markets IT Application Support,BNP Paribas Australia,Sydney,,,https://au.prosple.com/graduate-employers/bnp-paribas-australia/jobs-internships/internship-global-markets-it-application-support
prosple,"Administrator, Network and Desktop Support/ IT Graduate",Sony Music Australia,Sydney,,,https://au.prosple.com/graduate-employers/sony-music-australia/jobs-internships/administrator-network-and-desktop-support-it-graduate
prosple,Research and Innovation Pathway Graduate Program,Department of Defence,"Adelaide, Brisbane, Canberra, Hobart, Melbourne, Perth and Sydney",,,https://au.prosple.com/graduate-employers/department-of-defence/jobs-internships/research-and-innovation-pathway-graduate-program-3
prosple,Cyber Security Graduate Program,Australian Taxation Office (ATO),"Adelaide, Albury, Brisbane, Canberra, Melbourne, Newcastle, Sydney, Wollongong",,,https://au.prosple.com/graduate-employers/australian-taxation-office-ato/jobs-internships/cyber-security-graduate-program-1
prosple,Graduate Program - Register Your Interest,Teach For Australia,"Victoria, Western Australia, Tasmania, South Australia and Northern Territory",,,https://au.prosple.com/graduate-employers/teach-for-australia/jobs-internships/graduate-program-register-your-interest
prosple,Technical Sales Specialist,Alt-Tech,Wagga Wagga,,,https://au.prosple.com/graduate-employers/alt-tech/jobs-internships/technical-sales-specialist
prosple,Summer Engineering Internship,Tetra Tech Australia,Canberra,,,https://au.prosple.com/graduate-employers/tetra-tech-australia/jobs-internships/summer-engineering-internship
prosple,Graduate Accountant,Roberts + Morrow ,This role is based at Tamworth,,,https://au.prosple.com/graduate-employers/roberts-morrow/jobs-internships/graduate-accountant-0
prosple,Project Grace: Software Development Graduate Program,FDM Group Australia,"Sydney, Melbourne",,,https://au.prosple.com/graduate-employers/fdm-group-australia/jobs-internships/project-grace-software-development-graduate-program
prosple,Fire Engineer,Tetra Tech Australia,Melbourne,,,https://au.prosple.com/graduate-employers/tetra-tech-australia/jobs-internships/fire-engineer
prosple,Brandstorm Innovation Competition,L'Oréal Australia and New Zealand,Melbourne,,,https://au.prosple.com/graduate-employers/loreal-australia-and-new-zealand/jobs-internships/brandstorm-innovation-competition-1
prosple,Junior Account Manager,FDM Group Australia,Melbourne,,,https://au.prosple.com/graduate-employers/fdm-group-australia/jobs-internships/junior-account-manager-0
prosple,Podiatrist,The Walking Clinic,Lyneham,,,https://au.prosple.com/graduate-employers/the-walking-clinic/jobs-internships/podiatrist
prosple,Prosperity Advisers Group Traineeship Program (Undergraduates),Prosperity Advisers Group,"NSW, QLD",,,https://au.prosple.com/graduate-employers/prosperity-advisers-group/jobs-internships/prosperity-advisers-group-traineeship-program-undergraduates
prosple,Economics & Business Graduates,WSP Australia,Australia wide,,,https://au.prosple.com/graduate-employers/wsp-australia/jobs-internships/economics-business-graduates-1
prosple,Digital Graduate,Digital Transformation Agency,Australian Capital Territory,,,https://au.prosple.com/graduate-employers/digital-transformation-agency/jobs-internships/digital-graduate-0
prosple,Digital Advisory Graduate Program,RSM Australia,Sydney,,,https://au.prosple.com/graduate-employers/rsm-australia/jobs-internships/digital-advisory-graduate-program-1
prosple,Digital Graduate,NDIS Quality and Safeguards Commission (NDIS Commission),"Canberra, Sydney, Brisbane, Melbourne",,,https://au.prosple.com/graduate-employers/ndis-quality-and-safeguards-commission-ndis-commission/jobs-internships/digital-graduate-0
prosple,Digital Cadet Program,Australian Government Career Pathways,"Most positions will be located in Canberra, however there are regional and remote opportunities. ",,,https://au.prosple.com/graduate-employers/australian-government-career-pathways/jobs-internships/digital-cadet-program-2
prosple,National Graduate Program - Digital stream,Services Australia,"ACT, NSW, WA",,,https://au.prosple.com/graduate-employers/services-australia/jobs-internships/national-graduate-program-digital-stream-1
prosple,Nous’ Digital Strategy Virtual Experience,Nous Group,"Australia, Online/remote",,,https://au.prosple.com/graduate-employers/nous-group/jobs-internships/nous-digital-strategy-virtual-experience
prosple,Generalist Graduate Program - Data/Digital,Department of Finance,Canberra,,,https://au.prosple.com/graduate-employers/department-of-finance/jobs-internships/generalist-graduate-program-datadigital-0
prosple,Generalist Graduate,Digital Transformation Agency,Australian Capital Territory,,,https://au.prosple.com/graduate-employers/digital-transformation-agency/jobs-internships/generalist-graduate-0
prosple,Digital Innovation Analyst,Penguin Random House Australia,Australia,,,https://au.prosple.com/graduate-employers/penguin-random-house-australia/jobs-internships/digital-innovation-analyst
prosple,Graduate Engineer - Digital,Hatch,Perth,,,https://au.prosple.com/graduate-employers/hatch/jobs-internships/graduate-engineer-digital-0
prosple,Graduate Digital Marketing Coordinator,Bambrick,Brisbane,,,https://au.prosple.com/graduate-employers/bambrick/jobs-internships/graduate-digital-marketing-coordinator
prosple,People Consulting Graduate Program,EY Australia,"Brisbane, Melbourne, Perth, Sydney",,,https://au.prosple.com/graduate-employers/ey-australia/jobs-internships/people-consulting-graduate-program
prosple,Risk Consulting Graduate Program,EY Australia,"Perth, Brisbane, Melbourne, Sydney",,,https://au.prosple.com/graduate-employers/ey-australia/jobs-internships/risk-consulting-graduate-program
prosple,Risk Consulting Vacationer/Intern Program,EY Australia,"Perth, Canberra, Melbourne",,,https://au.prosple.com/graduate-employers/ey-australia/jobs-internships/risk-consulting-vacationerintern-program
prosple,People Consulting Vacationer/Intern Program,EY Australia,"Canberra, Perth, Brisbane, Melbourne, Sydney ",,,https://au.prosple.com/graduate-employers/ey-australia/jobs-internships/people-consulting-vacationerintern-program
prosple,Winter Internship Program: Cybersecurity,FTI Consulting,Sydney,,,https://au.prosple.com/graduate-employers/fti-consulting/jobs-internships/winter-internship-program-cybersecurity-0
prosple,SAP Academy for Services & Consulting - Associate Technology Consultant - Sydney,SAP Australia,Sydney,,,https://au.prosple.com/graduate-employers/sap-australia/jobs-internships/sap-academy-for-services-consulting-associate-technology-consultant-sydney-0
prosple,SAP Academy for Services & Consulting - Associate Technology Consultant - Melbourne,SAP Australia,Melbourne,,,https://au.prosple.com/graduate-employers/sap-australia/jobs-internships/sap-academy-for-services-consulting-associate-technology-consultant-melbourne
prosple,Associate Consultant - Launch Graduate Program,Mastercard Australia,Melbourne & Sydney ,,,https://au.prosple.com/graduate-employers/mastercard-australia/jobs-internships/associate-consultant-launch-graduate-program-1
prosple,Graduate Consultant Program,IQ Group Australia,"Melbourne, Sydney & Brisbane",,,https://au.prosple.com/graduate-employers/iq-group-au/jobs-internships/graduate-consultant-program
prosple,Protiviti’s Consulting Virtual Experience,Protiviti,"Australia, Online/remote",,,https://au.prosple.com/graduate-employers/protiviti/jobs-internships/protivitis-consulting-virtual-experience
prosple,Disability Support Worker,Australian Carers,"Sydney, Adelaide, Perth, Rockhampton",,,https://au.prosple.com/graduate-employers/australian-carers/jobs-internships/disability-support-worker
prosple,Renewable Energy Engineering Graduates,WSP Australia,Australia wide,,,https://au.prosple.com/graduate-employers/wsp-australia/jobs-internships/renewable-energy-engineering-graduates-1
prosple,Technical Pathway Graduate Program,Department of Defence,"Adelaide, Brisbane, Canberra, Cairns, Darwin, Melbourne, Newcastle, Perth and Sydney",,,https://au.prosple.com/graduate-employers/department-of-defence/jobs-internships/technical-pathway-graduate-program-4
prosple,Mechanical Engineering Graduates,WSP Australia,Australia wide,,,https://au.prosple.com/graduate-employers/wsp-australia/jobs-internships/mechanical-engineering-graduates-1
prosple,Network Engineer Intern (Technical Infrastructure),TikTok Australia,Sydney,,,https://au.prosple.com/graduate-employers/tiktok-australia/jobs-internships/network-engineer-intern-technical-infrastructure
prosple,Technical Graduate Program,Schneider Electric Australia & New Zealand,"Sydney, Brisbane, Melbourne, Adelaide, Auckland",,,https://au.prosple.com/graduate-employers/schneider-electric-australia-new-zealand/jobs-internships/technical-graduate-program-2
prosple,Technical Internship Program,Schneider Electric Australia & New Zealand,"Sydney, Melbourne, Brisbane, Adelaide",,,https://au.prosple.com/graduate-employers/schneider-electric-australia-new-zealand/jobs-internships/technical-internship-program-2
prosple,Mechanical Engineering Internship Program,Readygrad,"Sydney, Brisbane, Adelaide, Melbourne, Perth",,,https://au.prosple.com/graduate-employers/readygrad/jobs-internships/mechanical-engineering-internship-program
prosple,Mechanical Engineering Graduate Program,Santos,"Adelaide, Brisbane, Perth",,,https://au.prosple.com/graduate-employers/santos/jobs-internships/mechanical-engineering-graduate-program-0
prosple,Summer Student - Mechanical Engineering,Origin Energy Australia,On site at Eraring Power Station,,,https://au.prosple.com/graduate-employers/origin-energy-australia/jobs-internships/summer-student-mechanical-engineering
prosple,Mechanical Engineering Graduate,NSW Government,Metro Sydney & Regional NSW,,,https://au.prosple.com/graduate-employers/nsw-government/jobs-internships/mechanical-engineering-graduate-1
prosple,Mechanical/Mechatronic Engineering Vacation Program,Santos,"Brisbane, Perth, Adelaide",,,https://au.prosple.com/graduate-employers/santos/jobs-internships/mechanicalmechatronic-engineering-vacation-program
prosple,Graduate Program – Mechatronic and Mechnical Engineering,Transgrid,"Newcastle, Sydney",,,https://au.prosple.com/graduate-employers/transgrid/jobs-internships/graduate-program-mechatronic-and-mechnical-engineering
prosple,Graduate Mechanical Engineer - WA,Alcoa Australia,"Pinjarra, Wagerup & Huntly, WA",,,https://au.prosple.com/graduate-employers/alcoa-australia/jobs-internships/graduate-mechanical-engineer-wa
prosple,Graduate Mechanical Engineer - VIC,Alcoa Australia,"Portland, VIC",,,https://au.prosple.com/graduate-employers/alcoa-australia/jobs-internships/graduate-mechanical-engineer-vic
prosple,Graduate Program - Mechanical Engineering,AECOM,Australia,,,https://au.prosple.com/graduate-employers/aecom/jobs-internships/graduate-program-mechanical-engineering
prosple,Summer Internship Program - Mechanical and Mechatronic Engineering,Transgrid,Sydney,,,https://au.prosple.com/graduate-employers/transgrid/jobs-internships/summer-internship-program-mechanical-and-mechatronic-engineering
prosple,Graduate Mechanical Static or Materials & Corrosion Engineer,Shell,Perth,,,https://au.prosple.com/graduate-employers/shell/jobs-internships/graduate-mechanical-static-or-materials-corrosion-engineer
prosple,"Technical Support Intern, Energy Products",Tesla Australia,Melbourne,,,https://au.prosple.com/graduate-employers/tesla-australia/jobs-internships/technical-support-intern-energy-products-0
prosple,Finance Stream Graduate Program,Department of Employment and Workplace Relations (DEWR),"Canberra, Sydney, Brisbane, Adelaide, Melbourne, Darwin, Hobart, Perth",,,https://au.prosple.com/graduate-employers/department-of-employment-and-workplace-relations-dewr/jobs-internships/finance-stream-graduate-program-1
prosple,Cadet & Graduate Program,Sims Limited,"Sydney, Brisbane, Adelaide, Launceston, Melbourne, Perth",,,https://au.prosple.com/graduate-employers/sims-limited/jobs-internships/cadet-graduate-program-0
prosple,Ascent Graduate Program,Delta Group,Australia wide,,,https://au.prosple.com/graduate-employers/delta-group/jobs-internships/ascent-graduate-program
prosple,Network Administration Internship Program,Readygrad,"Sydney, Brisbane, Adelaide, Melbourne, Perth",,,https://au.prosple.com/graduate-employers/readygrad/jobs-internships/network-administration-internship-program
prosple,Graduate Contracts Administrator,Hindmarsh Construction,Gables,,,https://au.prosple.com/graduate-employers/hindmarsh-construction/jobs-internships/graduate-contracts-administrator
prosple,Facilities Administrator,CBRE Australia,Australia wide,,,https://au.prosple.com/graduate-employers/cbre-australia/jobs-internships/facilities-administrator
prosple,Graduate HR Administrator,VMCH,Melbourne,,,https://au.prosple.com/graduate-employers/vmch/jobs-internships/graduate-hr-administrator
prosple,Facilities Administration Coordinator,CBRE Australia,Sydney,,,https://au.prosple.com/graduate-employers/cbre-australia/jobs-internships/facilities-administration-coordinator
prosple,Cloud Computing Internship Program,Readygrad,"Sydney, Brisbane, Adelaide, Melbourne, Perth",,,https://au.prosple.com/graduate-employers/readygrad/jobs-internships/cloud-computing-internship-program
prosple,Finance Graduate Program,Australian Taxation Office (ATO),"Adelaide, Albury, Box Hill, Brisbane, Canberra, Dandenong, Geelong, Gosford, Hobart, Melbourne, Moonee Ponds, Newcastle, Parramatta, Penrith, Perth, Sydney, Townsville, Upper Mount Gravatt",,,https://au.prosple.com/graduate-employers/australian-taxation-office-ato/jobs-internships/finance-graduate-program-1
prosple,Taxation and Accounting Graduate Program,Australian Taxation Office (ATO),"Adelaide, Albury, Box Hill, Brisbane, Canberra, Dandenong, Geelong, Gosford, Hobart, Melbourne, Moonee Ponds, Newcastle, Parramatta, Penrith, Perth, Sydney, Townsville, Upper Mount Gravatt",,,https://au.prosple.com/graduate-employers/australian-taxation-office-ato/jobs-internships/taxation-and-accounting-graduate-program-3
prosple,"Banking, Insurance & Superannuation Graduate Program",Australian Prudential Regulation Authority (APRA),"Sydney, Melbourne, Brisbane",,,https://au.prosple.com/graduate-employers/australian-prudential-regulation-authority-apra/jobs-internships/banking-insurance-superannuation-graduate-program-0
prosple,Financial Regulation Graduate Program,Australian Prudential Regulation Authority (APRA),"Sydney, Brisbane, Melbourne",,,https://au.prosple.com/graduate-employers/australian-prudential-regulation-authority-apra/jobs-internships/financial-regulation-graduate-program-2
prosple,Generalist Stream Graduate Program,Department of Employment and Workplace Relations (DEWR),"Canberra, Sydney, Brisbane, Adelaide, Melbourne, Darwin, Hobart, Perth",,,https://au.prosple.com/graduate-employers/department-of-employment-and-workplace-relations-dewr/jobs-internships/generalist-stream-graduate-program-1
prosple,Graduate Program,Findex,"Across NSW, ACT, QLD, WA, TAS & VIC",,,https://au.prosple.com/graduate-employers/findex/jobs-internships/graduate-program
prosple,Payroll Trainee,ADP Australia,Cremorne / Mascot,,,https://au.prosple.com/graduate-employers/adp-australia/jobs-internships/payroll-trainee
prosple,Graduate Engineer,Johnson Controls Australia,Brisbane,,,https://au.prosple.com/graduate-employers/johnson-controls/jobs-internships/graduate-engineer-0
prosple,Graduate Officers,The Department of Water and Environmental Regulation (DWER),"Joondalup, Albany, Bunbury, Busselton, Geraldton, Kalgoorlie, Perth",,,https://au.prosple.com/graduate-employers/the-department-of-water-and-environmental-regulation-dwer/jobs-internships/graduate-officers-2
prosple,Communications and Engagement Officer - Graduate,Manningham City Council,Manningham,,,https://au.prosple.com/graduate-employers/manningham-city-council/jobs-internships/communications-and-engagement-officer-graduate
prosple,Electrical Engineering Internship - Distribution Network Design,CSIRO NSW Skills for Net Zero,Bathurst NSW,,,https://au.prosple.com/graduate-employers/csiro-nsw-skills-for-net-zero/jobs-internships/electrical-engineering-internship-distribution-network-design
prosple,Video Editing Intern,Totem Network,Online/Remote,,,https://au.prosple.com/graduate-employers/totem-network/jobs-internships/video-editing-intern
prosple,Graduate Program,National Indigenous Australians Agency (NIAA),"Adelaide, Alice Springs, Brisbane, Cairns, Canberra, Darwin, Melbourne, Parramatta, Perth",,,https://au.prosple.com/graduate-employers/national-indigenous-australians-agency-niaa/jobs-internships/graduate-program-0
prosple,Graduate Economist,SA Power Networks,Adelaide,,,https://au.prosple.com/graduate-employers/sa-power-networks/jobs-internships/graduate-economist
prosple,Electrical Engineering Graduate,Essential Energy,Port Macquarie,,,https://au.prosple.com/graduate-employers/essential-energy/jobs-internships/electrical-engineering-graduate-0
prosple,Nuclear Medicine Technologist,I-MED Radiology Network,Brisbane,,,https://au.prosple.com/graduate-employers/i-med-radiology-network/jobs-internships/nuclear-medicine-technologist
prosple,Female Identified Electrical Engineering Graduate,Essential Energy,Port Macquarie,,,https://au.prosple.com/graduate-employers/essential-energy/jobs-internships/female-identified-electrical-engineering-graduate-0
prosple,Self-Managed Superannuation Fund (SMSF) Business Advisory Graduate Program,RSM Australia,Perth,,,https://au.prosple.com/graduate-employers/rsm-australia/jobs-internships/self-managed-superannuation-fund-smsf-business-advisory-graduate-program-1
prosple,Graduate Nuclear Medicine Technologist,I-MED Radiology Network,Brisbane,,,https://au.prosple.com/graduate-employers/i-med-radiology-network/jobs-internships/graduate-nuclear-medicine-technologist
prosple,Graduate Program Indigenous Affirmative Measures,Australian Taxation Office (ATO),"Adelaide, Albury, Box Hill, Brisbane, Canberra, Dandenong, Geelong, Gosford, Hobart, Melbourne, Moonee Ponds, Newcastle, Parramatta, Penrith, Perth, Sydney, Townsville, Upper Mount Gravatt, Wollongong",,,https://au.prosple.com/graduate-employers/australian-taxation-office-ato/jobs-internships/graduate-program-indigenous-affirmative-measures-0
prosple,Graduate Program – Civil Engineering,Transgrid,Sydney,,,https://au.prosple.com/graduate-employers/transgrid/jobs-internships/graduate-program-civil-engineering
prosple,Graduate Program – Electrical and Renewable Engineering,Transgrid,"Newcastle, Sydney",,,https://au.prosple.com/graduate-employers/transgrid/jobs-internships/graduate-program-electrical-and-renewable-engineering-0
prosple,Graduate Consultant | Strategic Infrastructure Advisory,WSP Australia,Brisbane,,,https://au.prosple.com/graduate-employers/wsp-australia/jobs-internships/graduate-consultant-strategic-infrastructure-advisory-0
prosple,Vacationer - Project & Infrastucture,BDO Australia,Adelaide,,,https://au.prosple.com/graduate-employers/bdo-australia/jobs-internships/vacationer-project-infrastucture
prosple,Site Reliability Engineer Intern (Technical Infrastructure),TikTok Australia,Sydney,,,https://au.prosple.com/graduate-employers/tiktok-australia/jobs-internships/site-reliability-engineer-intern-technical-infrastructure
prosple,Graduate Program - Project & Infrastructure (Adelaide),BDO Australia,Adelaide,,,https://au.prosple.com/graduate-employers/bdo-australia/jobs-internships/graduate-program-project-infrastructure-adelaide
prosple,Summer Internship Program,Abergeldie Complex Infrastructure,Regents Park,,,https://au.prosple.com/graduate-employers/abergeldie-complex-infrastructure/jobs-internships/summer-internship-program-0
prosple,Graduate Program - Networking / Infrastructure / Cyber Security,Sparx Solutions,Melbourne,,,https://au.prosple.com/graduate-employers/sparx-solutions/jobs-internships/graduate-program-networking-infrastructure-cyber-security-2
prosple,McConnell Dowell’s Infrastructure Virtual Experience,McConnell Dowell,"Australia, Online/remote",,,https://au.prosple.com/graduate-employers/mcconnell-dowell/jobs-internships/mcconnell-dowells-infrastructure-virtual-experience
prosple,Graduate Development Program,"Department of Infrastructure, Transport, Regional Development, Communications and the Arts",Canberra,,,https://au.prosple.com/graduate-employers/department-of-infrastructure-transport-regional-development-communications-and-the-arts/jobs-internships/graduate-development-program-5
prosple,Graduate Engineers,The Winslow Group,Bendigo,,,https://au.prosple.com/graduate-employers/the-winslow-group/jobs-internships/graduate-engineers-1
prosple,GIS Graduates and Geospatial Graduates,WSP Australia,Australia wide,,,https://au.prosple.com/graduate-employers/wsp-australia/jobs-internships/gis-graduates-and-geospatial-graduates-1
prosple,DevOps Internship Program,Readygrad,"Sydney, Brisbane, Adelaide, Melbourne, Perth",,,https://au.prosple.com/graduate-employers/readygrad/jobs-internships/devops-internship-program
prosple,Technical Analyst Graduate Program Australia,FDM Group New Zealand,"Sydney, Melbourne, Brisbane",,,https://au.prosple.com/graduate-employers/fdm-group-new-zealand/jobs-internships/technical-analyst-graduate-program-australia
prosple,"Graduate Program: Networking, Operations and Cyber",Macquarie Technology Group,Canberra,,,https://au.prosple.com/graduate-employers/macquarie-technology-group/jobs-internships/graduate-program-networking-operations-and-cyber
prosple,IoT Domain Engineer Virtual Experience,Telstra,"Australia, Online/remote",,,https://au.prosple.com/graduate-employers/telstra/jobs-internships/iot-domain-engineer-virtual-experience
prosple,Business Advisory Graduate Program,RSM Australia,"Sydney, Perth, Brisbane, Ballarat, Toowoomba, Albury",,,https://au.prosple.com/graduate-employers/rsm-australia/jobs-internships/business-advisory-graduate-program-20
prosple,Cybersecurity Internship Program,Readygrad,"Sydney, Brisbane, Adelaide, Melbourne, Perth",,,https://au.prosple.com/graduate-employers/readygrad/jobs-internships/cybersecurity-internship-program
prosple,Mining Engineering Graduate Program,BHP,"Queensland, South Australia and Western Australia",,,https://au.prosple.com/graduate-employers/bhp/jobs-internships/mining-engineering-graduate-program-3
prosple,Solutions Engineer (Pre-sales) Intern,SentinelOne ,Sydney,,,https://au.prosple.com/graduate-employers/sentinelone/jobs-internships/solutions-engineer-pre-sales-intern
prosple,Falcon Complete Analyst Graduate,CrowdStrike,"Online/Remote, Melbourne & Sydney",,,https://au.prosple.com/graduate-employers/crowdstrike/jobs-internships/falcon-complete-analyst-graduate
prosple,ICT Graduate Program,Australian Bureau of Statistics (ABS),"Adelaide, Brisbane, Canberra, Hobart, Melbourne, Perth & Sydney",,,https://au.prosple.com/graduate-employers/australian-bureau-of-statistics-abs/jobs-internships/ict-graduate-program-1
prosple,Marketing and Communications Intern,SentinelOne ,Sydney,,,https://au.prosple.com/graduate-employers/sentinelone/jobs-internships/marketing-and-communications-intern
prosple,Cyber Graduate,Motorola Solutions Australia,Melbourne,,,https://au.prosple.com/graduate-employers/motorola-solutions-australia/jobs-internships/cyber-graduate
prosple,Risk Graduate Program (Rolling Intake),KPMG Australia,"Adelaide, Brisbane, Canberra, Darwin, Geelong, Gold Coast, Hobart, Melbourne, Newcastle, Parramatta, Perth, Sydney, Townsville, Wollongong",,,https://au.prosple.com/graduate-employers/kpmg-australia/jobs-internships/risk-graduate-program-rolling-intake-0
prosple,Cyber Security & Privacy Graduate Program,RSM Australia,Melbourne,,,https://au.prosple.com/graduate-employers/rsm-australia/jobs-internships/cyber-security-privacy-graduate-program-2
prosple,"PM&C Graduate Program - International Relations, Cyber & National Security",Department of the Prime Minister and Cabinet (PM&C),Canberra,,,https://au.prosple.com/graduate-employers/department-of-the-prime-minister-and-cabinet-pmc/jobs-internships/pmc-graduate-program-international-relations-cyber-national-security
prosple,Graduate Program - ICT & Security Engineering,AECOM,Australia,,,https://au.prosple.com/graduate-employers/aecom/jobs-internships/graduate-program-ict-security-engineering
prosple,ASIO Analyst Virtual Experience,Australian Security Intelligence Organisation (ASIO),"Australia, Online/remote",,,https://au.prosple.com/graduate-employers/australian-security-intelligence-organisation-asio/jobs-internships/asio-analyst-virtual-experience
prosple,Graduate Electrical Engineer (Security & ICT Consultant),Security Consulting Group,"Melbourne, Perth, Sydney, Brisbane, Canberra and Adelaide",,,https://au.prosple.com/graduate-employers/security-consulting-group/jobs-internships/graduate-electrical-engineer-security-ict-consultant-0
prosple,"Graduate Electrical, Electronic or Telecommunications ICT Engineer (Security & ICT Consultant)",Security Consulting Group,Canberra,,,https://au.prosple.com/graduate-employers/security-consulting-group/jobs-internships/graduate-electrical-electronic-or-telecommunications-ict-engineer-security-ict-consultant
prosple,Security Operations Monitoring & Response Analyst - Launch Graduate Program,Mastercard Australia,Sydney,,,https://au.prosple.com/graduate-employers/mastercard-australia/jobs-internships/security-operations-monitoring-response-analyst-launch-graduate-program
prosple,Graduate Development Program,Department of Home Affairs,"Canberra, Sydney, Darwin, Brisbane, Adelaide, Hobart, Melbourne, Perth",,,https://au.prosple.com/graduate-employers/department-of-home-affairs/jobs-internships/graduate-development-program-0
prosple,Site Reliability Engineer Intern (Video & Edge Global Engineering),TikTok Australia,Sydney,,,https://au.prosple.com/graduate-employers/tiktok-australia-new-zealand/jobs-internships/site-reliability-engineer-intern-video-edge-global-engineering
prosple,Medical Data Intern,Optimum Patient Care Australia,Online/Remote,,,https://au.prosple.com/graduate-employers/optimum-patient-care-australia/jobs-internships/medical-data-intern-0
prosple,Team Assistant Analyst,JLL Australia,Brisbane,,,https://au.prosple.com/graduate-employers/jll-australia/jobs-internships/team-assistant-analyst
prosple,Graduate Geotechnical Engineer,Alcoa Australia,Pinjarra,,,https://au.prosple.com/graduate-employers/alcoa-australia/jobs-internships/graduate-geotechnical-engineer
prosple,Graduate Engineer,Benmax,Australia,,,https://au.prosple.com/graduate-employers/benmax/jobs-internships/graduate-engineer
prosple,Intern - Quality Assurance Regulatory Affairs,ResMed,Sydney,,,https://au.prosple.com/graduate-employers/resmed/jobs-internships/intern-quality-assurance-regulatory-affairs
prosple,12-Month Commercial Graduate Role - Industrial & Construction,Prysmian,"Liverpool, NSW",,,https://au.prosple.com/graduate-employers/prysmian/jobs-internships/12-month-commercial-graduate-role-industrial-construction
prosple,Graduate Project Engineer - Warehouse Storage Solutions,Dematic Australia,Belrose,,,https://au.prosple.com/graduate-employers/dematic-australia/jobs-internships/graduate-project-engineer-warehouse-storage-solutions
prosple,Student Intern Software Testing Engineer,ResMed,Sydney,,,https://au.prosple.com/graduate-employers/resmed/jobs-internships/student-intern-software-testing-engineer
prosple,Cyber Summer Vacation Program,McGrathNicol,"Brisbane, Melbourne, Perth, Sydney",,,https://au.prosple.com/graduate-employers/mcgrathnicol/jobs-internships/cyber-summer-vacation-program-2
prosple,Finance Graduate,Alcoa Australia,"Booragoon / Perth, WA",,,https://au.prosple.com/graduate-employers/alcoa-australia/jobs-internships/finance-graduate
prosple,Cyber Graduate Program,McGrathNicol," Brisbane, Melbourne, Perth, Sydney",,,https://au.prosple.com/graduate-employers/mcgrathnicol/jobs-internships/cyber-graduate-program-2
prosple,Procurement Graduate,Alcoa Australia,"Perth, WA",,,https://au.prosple.com/graduate-employers/alcoa-australia/jobs-internships/procurement-graduate
prosple,Graduate Program,South32,"Cairns, Brisbane, Townsville, Darwin, Bunbury, Perth",,,https://au.prosple.com/graduate-employers/south32/jobs-internships/graduate-program-0
prosple,Engineering Vacationer/Intern Program (Rolling Intake),KPMG Australia,"Adelaide, Brisbane, Canberra, Darwin, Geelong, Gold Coast, Hobart, Melbourne, Newcastle, Parramatta, Perth, Sydney, Townsville, Wollongong",,,https://au.prosple.com/graduate-employers/kpmg-australia/jobs-internships/engineering-vacationerintern-program-rolling-intake
prosple,"Audit, Corporate Finance and Assurance Vacationer/Intern Program (Rolling Intake)",KPMG Australia,"Adelaide, Brisbane, Canberra, Darwin, Geelong, Gold Coast, Hobart, Melbourne, Newcastle, Parramatta, Perth, Sydney, Townsville, Wollongong",,,https://au.prosple.com/graduate-employers/kpmg-australia/jobs-internships/audit-corporate-finance-and-assurance-vacationerintern-program-rolling-intake
prosple,Graduate Program Perth – Graduate Civil & Structural Engineers,GHD,"Perth, Western Australia",,,https://au.prosple.com/graduate-employers/ghd/jobs-internships/graduate-program-perth-graduate-civil-structural-engineers
prosple,"Environmental, Governance and Social Vacationer/Intern Program (Rolling Intake)",KPMG Australia,"Adelaide, Brisbane, Canberra, Darwin, Geelong, Gold Coast, Hobart, Melbourne, Newcastle, Parramatta, Perth, Sydney, Townsville, Wollongong",,,https://au.prosple.com/graduate-employers/kpmg-australia/jobs-internships/environmental-governance-and-social-vacationerintern-program-rolling-intake
prosple,Group Chief Operating Office Graduate Program,NAB Australia,Melbourne ,,,https://au.prosple.com/graduate-employers/nab-australia/jobs-internships/group-chief-operating-office-graduate-program
prosple,Risk Vacationer/Intern Program (Rolling Intake),KPMG Australia,"Adelaide, Brisbane, Canberra, Darwin, Geelong, Gold Coast, Hobart, Melbourne, Newcastle, Parramatta, Perth, Sydney, Townsville, Wollongong",,,https://au.prosple.com/graduate-employers/kpmg-australia/jobs-internships/risk-vacationerintern-program-rolling-intake
prosple,Product Manager - Graduate (Revenue),TikTok Australia,Sydney,,,https://au.prosple.com/graduate-employers/tiktok-australia-new-zealand/jobs-internships/product-manager-graduate-revenue
prosple,Product Manager Intern - TikTok LIVE - User Product,TikTok Australia,Sydney,,,https://au.prosple.com/graduate-employers/tiktok-australia-new-zealand/jobs-internships/product-manager-intern-tiktok-live-user-product
prosple,2026 Graduate Area Manager,Amazon Australia and New Zealand,"Moorebank, Kemps Creek, Horsley Park, Bella Vista, Chullora, Dandenong South, Ravenhall, Mulgrave, Cranbourne West, Brisbane, Heathwood, Jandakot",,,https://au.prosple.com/graduate-employers/amazon-australia-new-zealand/jobs-internships/2026-graduate-area-manager
prosple,Graduate Project Manager,Goldwind Australia,Sydney,,,https://au.prosple.com/graduate-employers/goldwind-australia/jobs-internships/graduate-project-manager
prosple,Product Designer Intern (TikTok-Design-LIVE-UX),TikTok Australia,Sydney,,,https://au.prosple.com/graduate-employers/tiktok-australia-new-zealand/jobs-internships/product-designer-intern-tiktok-design-live-ux
prosple,Product Intern - TikTok LIVE - Revenue,TikTok Australia,Sydney,,,https://au.prosple.com/graduate-employers/tiktok-australia-new-zealand/jobs-internships/product-intern-tiktok-live-revenue
prosple,Content & Campaign Coordinator Project Intern (TikTok LIVE),TikTok Australia,Sydney,,,https://au.prosple.com/graduate-employers/tiktok-australia/jobs-internships/content-campaign-coordinator-project-intern-tiktok-live
prosple,Project and Construction Management (Engineering Graduates),WSP Australia,Australia wide,,,https://au.prosple.com/graduate-employers/wsp-australia/jobs-internships/project-and-construction-management-engineering-graduates-1
prosple,Graduate Program – Construction Project Management,Transgrid,Sydney,,,https://au.prosple.com/graduate-employers/transgrid/jobs-internships/graduate-program-construction-project-management
prosple,SAP Academy for Services & Consulting - Project Manager Associate - Melbourne,SAP Australia,Melbourne,,,https://au.prosple.com/graduate-employers/sap-australia/jobs-internships/sap-academy-for-services-consulting-project-manager-associate-melbourne
prosple,SAP Academy for Services & Consulting - Project Manager Associate - Sydney,SAP Australia,Sydney,,,https://au.prosple.com/graduate-employers/sap-australia/jobs-internships/sap-academy-for-services-consulting-project-manager-associate-sydney
prosple,Graduate Total Account Manager - Scientific Sales,Agilent Technologies,Perth / Adelaide,,,https://au.prosple.com/graduate-employers/agilent-technologies/jobs-internships/graduate-total-account-manager-scientific-sales
prosple,Information Manager,WheelEasy,Sydney,,,https://au.prosple.com/graduate-employers/wheeleasy/jobs-internships/information-manager
prosple,Generalist Graduate Program,"Department of Health, Disability and Ageing ",Canberra,,,https://au.prosple.com/graduate-employers/department-of-health-disability-and-ageing/jobs-internships/generalist-graduate-program
prosple,Graduate Project Engineer,Dematic Australia,Belrose,,,https://au.prosple.com/graduate-employers/dematic-australia/jobs-internships/graduate-project-engineer-1
prosple,Data Graduate Program,"Department of Health, Disability and Ageing ",Canberra,,,https://au.prosple.com/graduate-employers/department-of-health-disability-and-ageing/jobs-internships/data-graduate-program
prosple,Junior Account Manager,FDM Group New Zealand,Melbourne,,,https://au.prosple.com/graduate-employers/fdm-group-new-zealand/jobs-internships/junior-account-manager
prosple,Graduate Program - Electrical Engineering,Monadelphous,"Gladstone & Rockhampton QLD, Perth WA",,,https://au.prosple.com/graduate-employers/monadelphous/jobs-internships/graduate-program-electrical-engineering
prosple,Satellite Systems Engineer Intern,Viasat Australia,Southbank,,,https://au.prosple.com/graduate-employers/viasat-australia/jobs-internships/satellite-systems-engineer-intern-0
prosple,Junior Operations Analyst,TEKsystems,Sydney,,,https://au.prosple.com/graduate-employers/teksystems/jobs-internships/junior-operations-analyst
prosple,Law Graduates GRADStart Program,Queensland Treasury,Brisbane,,,https://au.prosple.com/graduate-employers/queensland-treasury/jobs-internships/law-graduates-gradstart-program-1
prosple,Accounting Graduate GRADStart Program,Queensland Treasury,Brisbane,,,https://au.prosple.com/graduate-employers/queensland-treasury/jobs-internships/accounting-graduate-gradstart-program-1
prosple,Quantitative Research Analyst – Intern,Citadel Securities,Sydney,,,https://au.prosple.com/graduate-employers/citadel-securities/jobs-internships/quantitative-research-analyst-intern-0
prosple,Finance Internship Program,Readygrad,"Sydney, Brisbane, Adelaide, Melbourne, Perth",,,https://au.prosple.com/graduate-employers/readygrad/jobs-internships/finance-internship-program-0
prosple,Student Intern Software Engineer,ResMed,Sydney,,,https://au.prosple.com/graduate-employers/resmed/jobs-internships/student-intern-software-engineer
prosple,"Graduate Mobile Engineer, TikTok LIVE Revenue",TikTok Australia,Sydney,,,https://au.prosple.com/graduate-employers/tiktok-australia-new-zealand/jobs-internships/graduate-mobile-engineer-tiktok-live-revenue-0
prosple,Graduate Lawyers Program,SWS Lawyers,Newcastle,,,https://au.prosple.com/graduate-employers/sws-lawyers/jobs-internships/graduate-lawyers-program
prosple,Human Resource (HR) Stream Graduate Program,Department of Employment and Workplace Relations (DEWR),"Canberra, Sydney, Brisbane, Adelaide, Melbourne, Darwin, Hobart, Perth",,,https://au.prosple.com/graduate-employers/department-of-employment-and-workplace-relations-dewr/jobs-internships/human-resource-hr-stream-graduate-program-0
workforce_au,Fitter-Welder,,,,,https://www.workforceaustralia.gov.au/individuals/jobs/details/2342587718
workforce_au,NDT Technician,,,,,https://www.workforceaustralia.gov.au/individuals/jobs/details/2342586880
workforce_au,Accountant,,,,,https://www.workforceaustralia.gov.au/individuals/jobs/details/2342587030
workforce_au,Welder,,,,,https://www.workforceaustralia.gov.au/individuals/jobs/details/2342587126
workforce_au,Technical Sales Represenatative,,,,,https://www.workforceaustralia.gov.au/individuals/jobs/details/2342587152
workforce_au,Disability Support Worker,,,,,https://www.workforceaustralia.gov.au/individuals/jobs/details/2342586668
workforce_au,Apprentice carpenter,,,,,https://www.workforceaustralia.gov.au/individuals/jobs/details/2342586670
workforce_au,Drainer / Stormwater ground crew,,,,,https://www.workforceaustralia.gov.au/individuals/jobs/details/2342586795
workforce_au,Chef de Partie,,,,,https://www.workforceaustralia.gov.au/individuals/jobs/details/2342587987
workforce_au,"Actors, Extras & TV Pros Needed!",,,,,https://www.workforceaustralia.gov.au/individuals/jobs/details/2342622268
workforce_au,Electronic Equipment Trades Worker,,,,,https://www.workforceaustralia.gov.au/individuals/jobs/details/2342588050
workforce_au,Production Horticulture Supervisor,,,,,https://www.workforceaustralia.gov.au/individuals/jobs/details/2342586606
workforce_au,Electronic Instrument Trades Worker,,,,,https://www.workforceaustralia.gov.au/individuals/jobs/details/2342588074
workforce_au,Chef Wanted for The Marina Cafe,,,,,https://www.workforceaustralia.gov.au/individuals/jobs/details/2342587918
workforce_au,Electronics technician,,,,,https://www.workforceaustralia.gov.au/individuals/jobs/details/2342601148
workforce_au,Chefs and Cooks,,,,,https://www.workforceaustralia.gov.au/individuals/jobs/details/2342621051
workforce_au,Farm Hand,,,,,https://www.workforceaustralia.gov.au/individuals/jobs/details/2342621815
workforce_au,Office Manager,,,,,https://www.workforceaustralia.gov.au/individuals/jobs/details/2342621946
workforce_au,Welder (Marine),,,,,https://www.workforceaustralia.gov.au/individuals/jobs/details/2342627725
workforce_au,Cook,,,,,https://www.workforceaustralia.gov.au/individuals/jobs/details/2342642431
